Mean,Median,Standard Deviation,Minimum,Maximum
0.73107845,0.7325783,0.05751538,0.4722042,0.9476776
